date,temp_max,temp_min,rain
2019-01-01,27.0,12.8,0.0
2019-01-02,26.9,11.8,0.0
2019-01-03,27.8,12.2,0.0
2019-01-04,27.5,12.7,0.0
2019-01-05,27.1,12.4,0.0
2019-01-06,27.7,13.3,0.0
2019-01-07,27.5,13.6,0.0
2019-01-08,28.3,14.6,0.0
2019-01-09,29.0,13.5,0.0
2019-01-10,29.1,13.5,0.0
2019-01-11,28.7,14.6,0.0
2019-01-12,28.3,15.1,0.0
2019-01-13,28.8,14.2,0.0
2019-01-14,28.5,14.4,0.0
2019-01-15,28.3,13.3,0.0
2019-01-16,28.3,13.9,0.0
2019-01-17,28.3,14.2,0.0
2019-01-18,28.5,15.9,0.0
2019-01-19,28.9,13.8,0.0
2019-01-20,28.2,14.3,0.0
2019-01-21,29.1,13.3,0.0
2019-01-22,28.2,13.8,0.0
2019-01-23,28.8,15.6,0.0
2019-01-24,29.4,16.8,0.0
2019-01-25,28.8,16.1,0.0
2019-01-26,27.4,18.7,0.7
2019-01-27,26.9,18.1,3.5
2019-01-28,25.6,17.6,27.2
2019-01-29,25.7,17.0,1.0
2019-01-30,26.7,16.7,0.0
2019-01-31,26.1,15.2,0.0
2019-02-01,26.2,15.3,0.0
2019-02-02,27.9,15.4,0.0
2019-02-03,28.3,16.2,0.0
2019-02-04,29.2,16.1,0.0
2019-02-05,29.2,17.6,0.0
2019-02-06,29.7,17.0,0.0
2019-02-07,30.5,17.6,0.0
2019-02-08,30.7,18.2,0.1
2019-02-09,29.2,19.7,5.8
2019-02-10,28.6,19.2,0.7
2019-02-11,29.2,19.4,0.0
2019-02-12,28.4,16.8,0.0
2019-02-13,29.1,15.8,0.0
2019-02-14,30.0,16.1,0.0
2019-02-15,29.3,18.1,0.2
2019-02-16,31.5,19.2,0.1
2019-02-17,31.9,20.0,0.0
2019-02-18,32.0,18.4,0.0
2019-02-19,31.3,20.3,0.0
2019-02-20,31.7,20.0,0.0
2019-02-21,30.9,17.1,0.0
2019-02-22,31.7,16.3,0.0
2019-02-23,33.0,16.1,0.0
2019-02-24,33.2,16.2,0.0
2019-02-25,33.4,16.6,0.0
2019-02-26,33.3,18.9,0.0
2019-02-27,32.4,19.6,0.0
2019-02-28,32.3,20.0,0.0
2019-03-01,32.5,20.1,0.0
2019-03-02,31.8,20.7,0.0
2019-03-03,32.5,19.4,0.0
2019-03-04,32.7,19.4,0.0
2019-03-05,31.2,21.5,0.7
2019-03-06,34.2,21.2,0.0
2019-03-07,35.0,19.8,0.0
2019-03-08,34.4,19.0,0.0
2019-03-09,30.6,20.9,0.5
2019-03-10,33.2,21.2,0.0
2019-03-11,33.3,21.2,0.0
2019-03-12,33.0,19.7,0.0
2019-03-13,33.0,18.2,0.0
2019-03-14,32.9,19.0,0.0
2019-03-15,33.0,20.6,0.0
2019-03-16,32.5,18.4,0.0
2019-03-17,32.8,17.1,0.0
2019-03-18,33.4,17.7,0.0
2019-03-19,33.9,19.0,0.0
2019-03-20,33.3,20.4,0.0
2019-03-21,34.0,20.4,0.0
2019-03-22,33.4,20.3,0.0
2019-03-23,33.9,21.2,0.0
2019-03-24,34.1,22.4,0.0
2019-03-25,34.6,20.9,0.0
2019-03-26,34.1,20.3,0.0
2019-03-27,35.0,20.4,0.0
2019-03-28,35.6,20.7,0.0
2019-03-29,35.0,21.5,0.0
2019-03-30,34.6,21.6,0.0
2019-03-31,34.4,21.3,0.0
2019-04-01,35.2,21.2,0.0
2019-04-02,34.2,21.9,0.0
2019-04-03,33.4,22.2,0.0
2019-04-04,34.3,20.6,0.0
2019-04-05,34.7,20.9,0.0
2019-04-06,35.2,21.4,0.0
2019-04-07,35.2,22.2,0.0
2019-04-08,34.6,22.2,0.0
2019-04-09,33.5,22.5,0.0
2019-04-10,33.9,21.8,0.0
2019-04-11,34.5,22.0,0.0
2019-04-12,35.0,21.6,0.0
2019-04-13,34.8,22.3,0.0
2019-04-14,34.9,21.7,0.0
2019-04-15,34.6,20.5,0.0
2019-04-16,34.2,21.8,0.0
2019-04-17,34.2,23.0,0.3
2019-04-18,34.3,21.6,14.8
2019-04-19,32.7,21.3,1.1
2019-04-20,31.1,20.9,6.3
2019-04-21,32.2,20.4,2.2
2019-04-22,32.0,21.9,0.6
2019-04-23,32.5,20.5,0.0
2019-04-24,33.1,21.2,0.0
2019-04-25,34.8,21.0,0.0
2019-04-26,35.5,21.4,0.0
2019-04-27,35.8,22.0,0.0
2019-04-28,35.0,21.9,0.0
2019-04-29,34.1,22.7,0.0
2019-04-30,33.7,22.4,0.1
2019-05-01,33.2,22.5,0.6
2019-05-02,35.1,21.2,0.0
2019-05-03,34.3,20.5,0.0
2019-05-04,32.7,20.5,0.0
2019-05-05,33.2,21.6,0.0
2019-05-06,33.6,22.1,0.0
2019-05-07,32.1,23.0,0.4
2019-05-08,31.1,21.7,0.7
2019-05-09,32.5,21.2,0.0
2019-05-10,33.6,21.6,0.0
2019-05-11,33.7,22.9,0.5
2019-05-12,33.1,22.8,0.2
2019-05-13,31.9,22.4,1.7
2019-05-14,33.3,22.2,0.5
2019-05-15,32.8,21.9,3.4
2019-05-16,33.2,21.8,0.3
2019-05-17,32.6,23.1,0.5
2019-05-18,32.9,22.4,0.2
2019-05-19,32.8,22.4,0.0
2019-05-20,33.5,22.9,0.1
2019-05-21,32.9,22.9,0.0
2019-05-22,33.3,22.4,0.2
2019-05-23,33.0,21.9,0.5
2019-05-24,33.4,21.8,0.2
2019-05-25,32.4,21.5,3.3
2019-05-26,32.8,21.9,2.3
2019-05-27,32.7,20.9,1.4
2019-05-28,31.6,22.7,3.1
2019-05-29,33.3,22.0,1.5
2019-05-30,31.9,22.0,11.1
2019-05-31,30.9,21.1,16.0
2019-06-01,31.0,21.7,0.6
2019-06-02,30.1,22.1,13.9
2019-06-03,31.2,22.0,3.3
2019-06-04,30.5,21.1,0.2
2019-06-05,29.8,21.4,17.9
2019-06-06,31.1,21.3,1.4
2019-06-07,30.7,21.2,13.8
2019-06-08,30.0,21.4,5.5
2019-06-09,31.3,20.9,0.3
2019-06-10,29.2,21.1,4.1
2019-06-11,29.4,21.3,1.3
2019-06-12,27.3,21.8,1.5
2019-06-13,28.1,21.0,3.9
2019-06-14,28.2,20.7,3.4
2019-06-15,30.3,20.6,0.0
2019-06-16,30.5,20.5,0.5
2019-06-17,30.1,20.4,0.0
2019-06-18,29.8,21.3,0.0
2019-06-19,30.8,20.3,0.9
2019-06-20,28.2,21.5,3.9
2019-06-21,29.1,20.0,0.7
2019-06-22,28.5,21.2,5.8
2019-06-23,29.4,20.8,2.1
2019-06-24,29.9,20.6,1.6
2019-06-25,30.2,20.4,0.9
2019-06-26,27.4,21.1,1.2
2019-06-27,29.8,20.5,2.3
2019-06-28,30.7,19.8,0.1
2019-06-29,29.5,19.9,0.1
2019-06-30,30.3,21.0,1.1
2019-07-01,29.9,20.6,0.9
2019-07-02,30.9,21.5,0.8
2019-07-03,29.7,20.8,0.4
2019-07-04,30.3,21.0,2.7
2019-07-05,28.9,21.3,2.1
2019-07-06,29.5,21.0,1.1
2019-07-07,30.0,20.7,0.7
2019-07-08,29.8,20.4,0.4
2019-07-09,29.4,20.8,3.0
2019-07-10,26.0,20.5,4.9
2019-07-11,29.5,19.7,5.8
2019-07-12,29.3,19.7,3.5
2019-07-13,29.4,19.9,0.4
2019-07-14,28.9,19.8,2.8
2019-07-15,28.4,20.3,5.1
2019-07-16,29.0,19.7,1.1
2019-07-17,28.4,20.2,3.5
2019-07-18,29.4,20.4,8.3
2019-07-19,24.6,20.7,2.8
2019-07-20,27.4,19.9,4.6
2019-07-21,26.7,20.3,10.9
2019-07-22,25.9,20.0,11.0
2019-07-23,24.2,19.1,9.1
2019-07-24,28.0,19.6,5.5
2019-07-25,27.1,19.4,7.4
2019-07-26,25.3,19.9,5.4
2019-07-27,27.3,19.5,0.7
2019-07-28,26.9,19.3,1.0
2019-07-29,27.0,20.1,0.2
2019-07-30,27.7,19.8,0.3
2019-07-31,28.0,19.3,0.7
2019-08-01,28.2,19.2,1.0
2019-08-02,26.7,20.0,0.4
2019-08-03,28.3,20.5,0.2
2019-08-04,28.5,20.2,1.2
2019-08-05,25.1,20.6,7.8
2019-08-06,25.0,20.0,7.0
2019-08-07,27.7,20.2,6.5
2019-08-08,27.1,20.9,10.4
2019-08-09,27.0,20.5,4.5
2019-08-10,24.0,20.3,6.1
2019-08-11,26.8,20.2,0.6
2019-08-12,27.8,19.3,4.0
2019-08-13,27.8,20.1,5.4
2019-08-14,25.4,19.8,12.0
2019-08-15,27.4,20.0,11.7
2019-08-16,26.6,19.4,6.1
2019-08-17,24.1,19.6,10.2
2019-08-18,26.5,19.9,10.3
2019-08-19,28.1,20.0,14.0
2019-08-20,27.6,20.1,11.4
2019-08-21,26.9,20.0,3.0
2019-08-22,25.3,19.5,9.5
2019-08-23,26.5,19.6,4.8
2019-08-24,25.8,19.1,4.2
2019-08-25,26.2,19.8,0.9
2019-08-26,27.1,19.8,2.1
2019-08-27,25.9,19.7,4.7
2019-08-28,27.0,19.7,2.7
2019-08-29,28.3,19.9,10.9
2019-08-30,27.2,19.4,1.5
2019-08-31,26.5,19.5,3.5
2019-09-01,24.2,19.7,3.1
2019-09-02,28.3,19.8,7.8
2019-09-03,25.3,20.1,3.2
2019-09-04,27.3,20.1,6.0
2019-09-05,26.8,20.3,5.8
2019-09-06,26.9,20.3,2.0
2019-09-07,27.4,20.1,1.9
2019-09-08,26.8,20.5,2.7
2019-09-09,27.7,20.1,0.9
2019-09-10,28.1,19.8,2.5
2019-09-11,28.2,19.6,3.8
2019-09-12,28.0,19.8,2.0
2019-09-13,27.8,19.5,1.3
2019-09-14,28.0,19.2,9.7
2019-09-15,27.9,19.9,4.1
2019-09-16,26.9,19.9,2.1
2019-09-17,23.8,19.7,27.7
2019-09-18,28.1,20.0,3.5
2019-09-19,27.6,20.3,4.7
2019-09-20,27.1,19.9,1.1
2019-09-21,28.8,19.7,1.1
2019-09-22,25.7,20.6,8.3
2019-09-23,26.6,20.0,32.9
2019-09-24,26.1,19.8,9.6
2019-09-25,27.3,20.1,17.7
2019-09-26,25.2,19.7,3.5
2019-09-27,27.2,19.1,9.2
2019-09-28,27.9,19.3,0.6
2019-09-29,28.0,20.3,1.0
2019-09-30,27.9,19.9,2.5
2019-10-01,27.6,19.7,14.6
2019-10-02,28.6,19.1,5.3
2019-10-03,28.2,19.7,4.5
2019-10-04,28.4,19.0,26.2
2019-10-05,27.4,19.2,11.5
2019-10-06,27.0,19.2,3.5
2019-10-07,26.3,20.0,9.8
2019-10-08,27.6,18.6,8.9
2019-10-09,27.2,19.3,5.7
2019-10-10,26.6,19.3,3.7
2019-10-11,27.8,19.5,4.4
2019-10-12,27.8,19.7,4.9
2019-10-13,27.8,20.3,4.6
2019-10-14,28.8,19.2,0.0
2019-10-15,27.2,19.9,7.7
2019-10-16,26.2,20.0,6.7
2019-10-17,24.7,19.6,2.4
2019-10-18,27.0,19.3,2.4
2019-10-19,26.9,19.5,2.7
2019-10-20,26.3,20.0,4.2
2019-10-21,25.3,19.8,8.1
2019-10-22,23.4,19.9,7.7
2019-10-23,25.6,20.0,11.2
2019-10-24,26.1,18.8,0.3
2019-10-25,24.2,19.4,0.4
2019-10-26,26.2,17.7,7.4
2019-10-27,26.9,18.3,8.5
2019-10-28,27.1,19.1,1.8
2019-10-29,25.2,19.5,2.0
2019-10-30,23.6,19.6,23.9
2019-10-31,24.6,19.6,13.4
2019-11-01,26.0,19.1,2.5
2019-11-02,26.7,19.5,1.1
2019-11-03,27.5,19.6,0.1
2019-11-04,27.8,18.2,0.0
2019-11-05,28.0,17.4,0.2
2019-11-06,27.4,18.5,2.0
2019-11-07,27.1,19.0,1.4
2019-11-08,26.2,19.6,3.9
2019-11-09,27.5,19.5,7.0
2019-11-10,27.7,19.3,0.6
2019-11-11,27.4,19.1,0.2
2019-11-12,27.7,17.9,0.0
2019-11-13,27.4,17.9,0.0
2019-11-14,26.1,17.8,2.0
2019-11-15,27.0,19.7,4.1
2019-11-16,26.7,19.4,1.5
2019-11-17,28.0,19.0,0.0
2019-11-18,27.8,19.1,0.9
2019-11-19,28.2,19.6,0.8
2019-11-20,26.7,19.7,2.6
2019-11-21,27.0,19.5,0.7
2019-11-22,26.9,18.8,0.0
2019-11-23,28.2,16.6,0.0
2019-11-24,27.6,16.5,0.0
2019-11-25,28.2,17.6,0.0
2019-11-26,27.4,16.5,0.1
2019-11-27,26.6,19.0,2.1
2019-11-28,26.1,19.9,0.3
2019-11-29,27.7,19.7,1.3
2019-11-30,26.2,18.4,1.6
2019-12-01,22.2,19.5,23.0
2019-12-02,25.0,19.1,1.2
2019-12-03,24.0,18.4,0.8
2019-12-04,25.6,17.4,0.7
2019-12-05,24.6,16.5,0.0
2019-12-06,26.5,16.6,0.0
2019-12-07,24.9,14.4,1.4
2019-12-08,24.8,17.8,0.6
2019-12-09,26.2,17.1,0.0
2019-12-10,25.4,16.5,0.0
2019-12-11,26.5,16.4,0.0
2019-12-12,26.6,15.9,0.0
2019-12-13,27.0,16.7,0.0
2019-12-14,25.2,18.9,7.0
2019-12-15,26.7,17.7,0.0
2019-12-16,25.4,15.8,0.3
2019-12-17,26.7,18.5,0.0
2019-12-18,27.7,16.1,0.0
2019-12-19,26.4,16.7,0.0
2019-12-20,26.6,15.9,0.0
2019-12-21,26.7,17.6,0.0
2019-12-22,26.9,18.1,0.0
2019-12-23,27.2,17.5,0.0
2019-12-24,25.3,17.9,0.4
2019-12-25,25.9,19.1,0.1
2019-12-26,28.2,19.5,0.0
2019-12-27,29.0,17.8,0.2
2019-12-28,27.1,17.6,0.0
2019-12-29,27.4,16.9,0.0
2019-12-30,27.4,17.1,0.1
2019-12-31,26.2,17.7,0.9
2020-01-01,26.9,18.1,1.9
2020-01-02,27.2,18.8,1.0
2020-01-03,28.2,18.6,0.0
2020-01-04,28.3,19.3,0.0
2020-01-05,28.0,19.5,0.2
2020-01-06,27.4,18.9,0.0
2020-01-07,27.1,18.3,0.0
2020-01-08,28.2,17.6,0.0
2020-01-09,29.1,17.4,0.0
2020-01-10,28.2,16.7,0.0
2020-01-11,27.7,15.4,0.0
2020-01-12,27.2,15.1,0.0
2020-01-13,28.4,17.2,0.0
2020-01-14,29.1,16.7,0.0
2020-01-15,27.8,14.6,0.0
2020-01-16,27.4,15.0,0.0
2020-01-17,28.5,15.6,0.0
2020-01-18,27.9,18.0,0.1
2020-01-19,28.1,18.5,0.2
2020-01-20,29.8,17.7,0.0
2020-01-21,29.2,16.5,0.0
2020-01-22,29.0,15.8,0.0
2020-01-23,29.1,16.9,0.0
2020-01-24,30.0,16.3,0.0
2020-01-25,30.0,15.3,0.0
2020-01-26,31.0,14.4,0.0
2020-01-27,30.8,15.7,0.0
2020-01-28,29.9,17.7,0.0
2020-01-29,30.9,17.4,0.0
2020-01-30,31.1,17.3,0.0
2020-01-31,30.7,18.2,0.0
2020-02-01,28.8,17.6,0.0
2020-02-02,28.3,18.4,0.0
2020-02-03,29.4,16.6,0.0
2020-02-04,28.7,15.5,0.0
2020-02-05,29.1,18.3,0.0
2020-02-06,29.7,16.6,0.0
2020-02-07,29.3,17.1,0.0
2020-02-08,29.5,18.0,0.0
2020-02-09,28.1,17.9,0.7
2020-02-10,28.9,18.2,0.0
2020-02-11,28.5,16.2,0.0
2020-02-12,28.9,17.3,0.0
2020-02-13,30.5,17.7,0.0
2020-02-14,30.5,16.6,0.0
2020-02-15,31.5,16.7,0.0
2020-02-16,31.3,17.4,0.0
2020-02-17,31.0,15.6,0.0
2020-02-18,30.7,16.0,0.0
2020-02-19,30.8,16.1,0.0
2020-02-20,30.9,16.0,0.0
2020-02-21,31.2,15.5,0.0
2020-02-22,30.4,17.4,0.0
2020-02-23,30.3,17.7,0.0
2020-02-24,30.4,17.9,0.0
2020-02-25,31.9,17.7,0.0
2020-02-26,30.6,18.4,0.0
2020-02-27,30.8,19.2,0.0
2020-02-28,31.0,18.4,0.0
2020-02-29,31.4,18.5,0.0
2020-03-01,30.6,18.9,0.0
2020-03-02,29.6,19.1,0.0
2020-03-03,30.7,19.6,0.5
2020-03-04,30.7,20.1,1.1
2020-03-05,30.0,20.6,1.8
2020-03-06,29.8,20.0,2.7
2020-03-07,29.4,20.1,2.2
2020-03-08,30.5,20.3,1.0
2020-03-09,30.2,19.7,0.9
2020-03-10,30.7,19.5,0.5
2020-03-11,32.6,19.8,0.0
2020-03-12,32.6,20.1,0.0
2020-03-13,32.4,18.5,0.0
2020-03-14,32.6,18.0,0.0
2020-03-15,33.4,18.5,0.0
2020-03-16,32.7,19.1,0.0
2020-03-17,32.5,18.9,0.0
2020-03-18,33.8,18.5,0.0
2020-03-19,34.2,19.3,0.0
2020-03-20,32.6,21.9,0.4
2020-03-21,34.4,20.3,0.1
2020-03-22,32.1,20.7,0.1
2020-03-23,31.0,21.3,0.7
2020-03-24,33.7,20.5,0.0
2020-03-25,32.7,19.6,0.0
2020-03-26,33.7,19.3,0.0
2020-03-27,33.2,18.8,0.0
2020-03-28,34.1,17.6,0.0
2020-03-29,34.2,17.8,0.0
2020-03-30,34.6,19.8,0.0
2020-03-31,34.5,18.5,0.0
2020-04-01,34.9,20.1,0.0
2020-04-02,35.1,21.0,0.0
2020-04-03,34.5,21.8,0.0
2020-04-04,35.3,20.1,0.0
2020-04-05,34.8,20.8,0.1
2020-04-06,33.8,21.7,0.3
2020-04-07,32.0,22.1,6.1
2020-04-08,32.1,22.1,0.6
2020-04-09,31.0,21.4,3.1
2020-04-10,32.0,20.7,0.0
2020-04-11,33.2,20.5,0.0
2020-04-12,33.5,19.7,0.0
2020-04-13,34.6,19.2,0.0
2020-04-14,34.7,19.5,0.0
2020-04-15,35.0,18.7,0.0
2020-04-16,34.8,20.7,0.0
2020-04-17,35.1,21.7,0.0
2020-04-18,34.9,21.7,0.0
2020-04-19,34.9,21.7,0.0
2020-04-20,33.9,21.1,0.0
2020-04-21,34.8,20.2,0.0
2020-04-22,34.3,21.9,0.0
2020-04-23,35.0,22.3,0.0
2020-04-24,32.6,23.1,0.0
2020-04-25,32.1,22.6,6.3
2020-04-26,32.2,21.9,2.5
2020-04-27,31.5,22.1,0.2
2020-04-28,32.9,21.4,0.5
2020-04-29,27.2,20.5,8.1
2020-04-30,31.9,20.8,0.2
2020-05-01,32.8,21.0,0.0
2020-05-02,33.1,23.4,0.1
2020-05-03,33.4,22.4,0.0
2020-05-04,33.7,22.8,0.0
2020-05-05,34.2,22.5,0.0
2020-05-06,34.8,23.0,0.2
2020-05-07,34.3,22.9,0.1
2020-05-08,33.8,22.7,0.1
2020-05-09,34.8,22.5,0.0
2020-05-10,35.2,21.8,0.0
2020-05-11,34.0,22.1,0.0
2020-05-12,35.0,21.7,0.0
2020-05-13,34.4,21.6,0.0
2020-05-14,35.1,22.2,0.0
2020-05-15,35.1,22.5,0.0
2020-05-16,35.2,22.9,0.5
2020-05-17,34.1,23.3,5.7
2020-05-18,31.7,22.9,5.1
2020-05-19,31.7,21.9,0.3
2020-05-20,33.2,21.1,0.0
2020-05-21,33.8,20.8,0.0
2020-05-22,33.7,21.8,0.0
2020-05-23,36.2,22.3,0.0
2020-05-24,33.3,22.5,0.0
2020-05-25,33.7,22.4,0.0
2020-05-26,33.3,22.5,0.8
2020-05-27,32.5,22.8,11.0
2020-05-28,32.5,22.5,0.9
2020-05-29,32.8,22.4,8.5
2020-05-30,29.3,22.0,1.7
2020-05-31,31.0,21.9,0.2
2020-06-01,30.2,20.8,4.3
2020-06-02,26.7,21.1,1.6
2020-06-03,28.5,20.8,0.3
2020-06-04,28.8,20.4,3.4
2020-06-05,28.8,20.0,9.4
2020-06-06,28.7,20.1,14.5
2020-06-07,27.8,20.5,8.3
2020-06-08,29.4,20.4,0.2
2020-06-09,30.1,19.9,0.0
2020-06-10,27.8,20.9,1.2
2020-06-11,27.7,20.7,7.3
2020-06-12,26.1,20.3,5.1
2020-06-13,29.3,20.2,1.3
2020-06-14,28.7,20.5,3.4
2020-06-15,29.3,21.6,0.6
2020-06-16,29.2,20.8,0.7
2020-06-17,26.8,21.0,0.4
2020-06-18,28.3,20.6,0.1
2020-06-19,30.1,20.1,6.2
2020-06-20,30.4,20.0,2.4
2020-06-21,28.0,20.3,1.8
2020-06-22,28.9,20.0,8.4
2020-06-23,29.7,20.5,0.2
2020-06-24,29.3,20.7,14.9
2020-06-25,29.0,20.6,27.7
2020-06-26,27.4,20.5,14.9
2020-06-27,27.2,20.5,2.5
2020-06-28,27.8,20.5,14.4
2020-06-29,28.0,20.6,13.8
2020-06-30,27.8,20.3,7.8
2020-07-01,27.1,20.0,3.3
2020-07-02,26.0,20.6,6.1
2020-07-03,26.7,20.6,42.8
2020-07-04,26.5,20.0,6.2
2020-07-05,26.6,20.3,2.7
2020-07-06,26.6,20.3,5.3
2020-07-07,27.4,19.7,2.2
2020-07-08,26.8,19.6,10.3
2020-07-09,26.0,19.5,13.4
2020-07-10,24.8,19.1,10.2
2020-07-11,27.3,19.5,1.3
2020-07-12,27.1,20.3,3.4
2020-07-13,26.8,19.6,11.5
2020-07-14,26.9,19.8,6.8
2020-07-15,25.9,20.2,9.1
2020-07-16,25.2,19.9,10.2
2020-07-17,23.6,19.9,4.2
2020-07-18,27.1,19.9,12.4
2020-07-19,27.0,19.8,10.0
2020-07-20,27.7,19.8,12.6
2020-07-21,28.4,19.9,0.2
2020-07-22,29.2,20.8,0.4
2020-07-23,28.1,20.2,64.9
2020-07-24,26.0,20.4,50.2
2020-07-25,27.6,19.5,10.2
2020-07-26,27.0,19.7,2.2
2020-07-27,27.4,18.9,1.3
2020-07-28,27.9,19.6,6.9
2020-07-29,25.9,20.2,13.1
2020-07-30,26.8,20.2,4.4
2020-07-31,27.6,20.1,5.2
2020-08-01,25.5,19.9,2.7
2020-08-02,23.7,19.7,20.7
2020-08-03,25.9,20.0,3.0
2020-08-04,24.6,20.5,3.1
2020-08-05,26.4,20.1,4.9
2020-08-06,26.5,20.5,3.4
2020-08-07,24.6,20.9,4.6
2020-08-08,25.4,21.0,2.3
2020-08-09,24.3,20.1,13.6
2020-08-10,24.8,19.6,6.5
2020-08-11,26.0,20.1,3.5
2020-08-12,25.8,19.5,0.4
2020-08-13,26.8,19.7,0.0
2020-08-14,26.0,19.5,0.4
2020-08-15,25.4,19.4,0.2
2020-08-16,25.8,19.3,1.7
2020-08-17,27.5,19.8,7.2
2020-08-18,25.9,19.0,7.9
2020-08-19,26.6,18.6,3.3
2020-08-20,26.1,19.4,1.0
2020-08-21,27.5,19.0,0.8
2020-08-22,27.6,19.1,3.9
2020-08-23,27.5,19.7,2.1
2020-08-24,26.3,19.9,3.4
2020-08-25,28.2,19.9,0.0
2020-08-26,27.7,20.3,0.0
2020-08-27,27.8,19.0,0.1
2020-08-28,28.7,19.3,0.0
2020-08-29,29.7,18.8,0.3
2020-08-30,28.6,20.1,5.1
2020-08-31,27.4,20.0,4.7
2020-09-01,26.8,19.6,6.6
2020-09-02,26.2,19.6,19.9
2020-09-03,27.3,19.7,16.8
2020-09-04,28.3,20.1,3.1
2020-09-05,27.5,21.0,5.4
2020-09-06,28.2,21.0,11.1
2020-09-07,26.4,20.2,6.1
2020-09-08,28.0,20.2,12.5
2020-09-09,26.3,19.9,18.1
2020-09-10,25.6,20.2,21.8
2020-09-11,25.2,19.8,3.5
2020-09-12,23.4,19.8,13.2
2020-09-13,22.8,19.6,22.1
2020-09-14,24.2,19.3,6.0
2020-09-15,26.4,19.1,14.4
2020-09-16,26.4,19.2,11.6
2020-09-17,27.1,19.2,5.6
2020-09-18,25.7,19.9,10.2
2020-09-19,23.9,19.8,11.7
2020-09-20,22.5,19.8,21.9
2020-09-21,22.5,19.8,9.4
2020-09-22,27.0,19.5,0.4
2020-09-23,27.4,18.1,0.0
2020-09-24,27.2,18.9,0.2
2020-09-25,26.5,19.4,8.8
2020-09-26,24.6,19.9,2.4
2020-09-27,25.3,19.4,1.9
2020-09-28,26.4,18.9,3.8
2020-09-29,25.8,19.4,10.7
2020-09-30,23.7,19.6,7.2
2020-10-01,26.1,18.5,0.6
2020-10-02,27.1,18.8,1.8
2020-10-03,27.0,19.7,5.0
2020-10-04,26.3,19.4,2.3
2020-10-05,27.0,18.2,1.4
2020-10-06,27.9,19.0,0.8
2020-10-07,28.0,19.5,0.3
2020-10-08,28.3,18.8,0.7
2020-10-09,27.8,20.2,4.8
2020-10-10,26.0,19.0,4.6
2020-10-11,24.4,19.4,17.1
2020-10-12,24.6,19.4,9.6
2020-10-13,24.9,19.4,1.5
2020-10-14,24.9,18.5,0.5
2020-10-15,26.5,18.6,0.0
2020-10-16,26.7,19.0,1.0
2020-10-17,27.2,17.2,0.0
2020-10-18,26.8,19.3,0.5
2020-10-19,25.0,20.2,11.4
2020-10-20,24.8,19.7,8.4
2020-10-21,25.2,19.9,19.5
2020-10-22,24.4,19.5,15.3
2020-10-23,25.1,19.2,5.6
2020-10-24,26.0,16.8,12.2
2020-10-25,27.2,18.8,2.6
2020-10-26,27.8,18.7,0.6
2020-10-27,27.4,17.5,0.0
2020-10-28,27.0,17.8,0.0
2020-10-29,26.3,17.3,0.4
2020-10-30,27.1,17.3,0.0
2020-10-31,26.9,17.5,1.6
2020-11-01,27.0,18.3,0.1
2020-11-02,27.9,19.6,0.4
2020-11-03,27.5,19.0,0.4
2020-11-04,27.7,19.1,0.7
2020-11-05,27.8,19.4,4.8
2020-11-06,27.5,19.7,0.0
2020-11-07,27.3,19.7,0.8
2020-11-08,27.3,19.2,0.2
2020-11-09,26.6,17.9,0.0
2020-11-10,26.2,15.0,0.0
2020-11-11,27.2,14.9,0.0
2020-11-12,27.7,18.5,1.8
2020-11-13,26.6,20.1,2.7
2020-11-14,27.3,19.4,0.2
2020-11-15,26.5,18.1,8.2
2020-11-16,24.7,20.0,39.5
2020-11-17,25.7,19.5,0.6
2020-11-18,26.0,18.7,1.0
2020-11-19,26.3,18.5,0.2
2020-11-20,26.6,18.5,0.0
2020-11-21,26.1,15.4,0.0
2020-11-22,26.5,13.8,0.0
2020-11-23,26.9,15.8,0.0
2020-11-24,26.7,18.5,0.1
2020-11-25,25.0,17.7,1.7
2020-11-26,20.6,18.4,24.2
2020-11-27,23.4,17.2,0.0
2020-11-28,25.0,15.7,1.1
2020-11-29,25.9,18.4,0.6
2020-11-30,25.3,18.4,0.1
2020-12-01,25.1,16.2,0.0
2020-12-02,25.8,16.1,0.0
2020-12-03,22.8,17.4,17.0
2020-12-04,23.0,19.1,5.7
2020-12-05,24.5,19.3,3.7
2020-12-06,24.8,18.3,4.1
2020-12-07,25.6,19.1,5.8
2020-12-08,25.0,19.2,9.2
2020-12-09,25.4,18.4,3.0
2020-12-10,25.1,16.6,0.0
2020-12-11,25.4,15.9,0.0
2020-12-12,24.8,15.5,0.0
2020-12-13,24.9,14.7,0.0
2020-12-14,25.0,15.1,0.0
2020-12-15,25.0,14.3,0.0
2020-12-16,24.6,17.1,0.5
2020-12-17,24.7,18.4,1.1
2020-12-18,25.5,17.2,0.0
2020-12-19,25.7,17.2,0.0
2020-12-20,24.6,16.6,0.0
2020-12-21,24.2,14.4,0.0
2020-12-22,25.5,13.9,0.0
2020-12-23,26.1,15.5,0.0
2020-12-24,26.4,15.3,0.0
2020-12-25,26.2,15.7,0.0
2020-12-26,25.5,14.8,0.0
2020-12-27,27.3,14.8,0.0
2020-12-28,26.7,14.5,0.0
2020-12-29,27.4,15.0,0.0
2020-12-30,27.5,17.2,0.4
2020-12-31,24.3,17.6,2.0
2021-01-01,25.0,16.3,0.0
2021-01-02,26.3,14.4,0.0
2021-01-03,26.5,17.7,1.3
2021-01-04,24.6,18.3,0.2
2021-01-05,25.2,17.7,0.5
2021-01-06,25.6,19.0,12.1
2021-01-07,24.7,19.2,3.2
2021-01-08,25.9,19.2,8.3
2021-01-09,25.1,18.7,0.8
2021-01-10,25.7,18.1,0.0
2021-01-11,23.8,19.1,0.0
2021-01-12,26.4,17.2,0.1
2021-01-13,26.6,16.6,0.0
2021-01-14,26.2,15.7,0.6
2021-01-15,26.9,17.6,0.0
2021-01-16,27.1,17.2,0.0
2021-01-17,27.0,16.7,0.0
2021-01-18,26.4,13.8,0.0
2021-01-19,26.1,14.9,0.0
2021-01-20,28.0,15.1,0.0
2021-01-21,28.1,17.1,0.0
2021-01-22,28.1,19.1,0.0
2021-01-23,27.8,17.6,0.0
2021-01-24,27.6,16.6,0.0
2021-01-25,27.3,15.2,0.0
2021-01-26,28.4,14.3,0.0
2021-01-27,27.8,14.9,0.0
2021-01-28,26.8,14.7,0.0
2021-01-29,27.7,16.2,0.0
2021-01-30,27.9,17.0,0.0
2021-01-31,28.7,16.7,0.0
2021-02-01,28.1,16.1,0.0
2021-02-02,27.7,15.3,0.0
2021-02-03,27.3,16.5,0.0
2021-02-04,27.5,15.0,0.0
2021-02-05,28.2,14.7,0.0
2021-02-06,28.4,14.0,0.0
2021-02-07,28.0,14.6,0.0
2021-02-08,28.1,14.7,0.0
2021-02-09,27.2,14.3,0.0
2021-02-10,28.3,13.3,0.0
2021-02-11,28.2,13.8,0.0
2021-02-12,29.0,13.0,0.0
2021-02-13,28.8,13.7,0.0
2021-02-14,29.3,14.2,0.0
2021-02-15,30.2,16.3,0.0
2021-02-16,29.6,16.4,0.0
2021-02-17,29.6,17.2,0.0
2021-02-18,28.6,16.3,0.3
2021-02-19,28.6,16.8,2.2
2021-02-20,25.7,16.7,10.3
2021-02-21,23.2,17.2,3.9
2021-02-22,27.2,16.8,0.5
2021-02-23,29.1,16.7,0.0
2021-02-24,29.6,17.2,0.0
2021-02-25,30.9,16.9,0.0
2021-02-26,31.5,16.2,0.0
2021-02-27,32.2,17.0,0.0
2021-02-28,32.2,17.5,0.0
2021-03-01,31.9,16.1,0.0
2021-03-02,32.8,17.0,0.0
2021-03-03,31.3,17.4,0.0
2021-03-04,30.3,16.5,0.0
2021-03-05,31.3,15.3,0.0
2021-03-06,33.0,16.2,0.0
2021-03-07,32.7,17.2,0.0
2021-03-08,31.7,17.3,0.0
2021-03-09,31.7,17.1,0.0
2021-03-10,31.7,17.6,0.0
2021-03-11,31.6,19.7,0.0
2021-03-12,31.4,17.8,0.0
2021-03-13,31.3,16.0,0.0
2021-03-14,31.8,16.8,0.0
2021-03-15,31.9,17.1,0.0
2021-03-16,32.9,18.3,0.0
2021-03-17,32.5,17.3,0.0
2021-03-18,32.6,18.4,0.0
2021-03-19,32.9,18.2,0.0
2021-03-20,32.3,17.1,0.0
2021-03-21,33.1,18.8,0.0
2021-03-22,33.7,18.1,0.0
2021-03-23,33.8,18.5,0.0
2021-03-24,33.9,19.0,0.0
2021-03-25,34.2,19.7,0.0
2021-03-26,34.3,19.8,0.0
2021-03-27,34.3,19.5,0.0
2021-03-28,34.8,20.2,0.0
2021-03-29,34.4,20.3,0.0
2021-03-30,34.9,20.5,0.0
2021-03-31,35.4,22.1,0.0
2021-04-01,35.5,21.7,0.0
2021-04-02,35.2,20.0,0.0
2021-04-03,34.1,20.9,0.0
2021-04-04,33.7,21.4,0.0
2021-04-05,33.6,21.9,0.0
2021-04-06,34.9,20.4,0.0
2021-04-07,34.7,19.1,0.0
2021-04-08,34.8,20.4,0.0
2021-04-09,34.3,20.0,0.0
2021-04-10,33.8,19.6,0.0
2021-04-11,33.8,19.8,0.0
2021-04-12,33.7,21.0,0.0
2021-04-13,33.1,21.2,0.0
2021-04-14,30.1,21.5,4.6
2021-04-15,28.7,20.0,22.6
2021-04-16,30.0,19.1,0.9
2021-04-17,32.4,20.2,0.0
2021-04-18,33.1,21.2,0.2
2021-04-19,33.4,20.6,0.0
2021-04-20,31.0,21.7,7.9
2021-04-21,30.9,20.7,8.8
2021-04-22,32.2,20.5,1.1
2021-04-23,31.0,21.1,12.2
2021-04-24,30.1,20.4,17.6
2021-04-25,32.0,20.7,0.1
2021-04-26,32.7,21.0,0.0
2021-04-27,32.9,20.1,0.0
2021-04-28,32.7,20.3,0.0
2021-04-29,32.0,22.1,0.5
2021-04-30,33.0,21.3,0.0
2021-05-01,32.9,21.2,0.0
2021-05-02,32.7,21.3,0.0
2021-05-03,32.1,21.8,0.8
2021-05-04,30.2,21.4,3.3
2021-05-05,33.8,20.2,0.0
2021-05-06,33.1,21.8,0.0
2021-05-07,31.4,21.9,0.7
2021-05-08,33.3,21.3,0.9
2021-05-09,33.5,21.4,0.1
2021-05-10,32.2,22.2,4.9
2021-05-11,31.6,22.0,14.2
2021-05-12,30.9,21.4,10.0
2021-05-13,31.1,21.0,2.1
2021-05-14,31.6,20.8,2.3
2021-05-15,26.4,21.0,3.9
2021-05-16,25.8,20.7,8.2
2021-05-17,30.2,20.0,4.7
2021-05-18,30.5,20.3,0.1
2021-05-19,30.7,20.2,4.5
2021-05-20,29.3,21.1,22.0
2021-05-21,28.9,20.9,13.9
2021-05-22,27.8,20.2,2.4
2021-05-23,29.3,20.8,0.1
2021-05-24,30.3,20.3,0.0
2021-05-25,29.3,20.7,8.6
2021-05-26,28.6,20.3,0.1
2021-05-27,29.8,19.6,0.0
2021-05-28,30.6,18.3,0.0
2021-05-29,29.7,19.7,0.5
2021-05-30,31.0,20.0,0.2
2021-05-31,31.6,20.2,0.5
2021-06-01,31.5,20.6,4.8
2021-06-02,30.8,21.2,18.0
2021-06-03,29.3,21.0,20.1
2021-06-04,26.3,20.9,18.3
2021-06-05,26.9,20.7,7.3
2021-06-06,27.0,20.0,2.3
2021-06-07,28.9,19.8,0.0
2021-06-08,29.5,19.9,0.0
2021-06-09,28.3,19.1,1.7
2021-06-10,28.1,19.3,0.7
2021-06-11,28.4,19.6,0.0
2021-06-12,27.9,20.3,3.2
2021-06-13,26.0,20.1,2.0
2021-06-14,24.1,20.0,4.7
2021-06-15,26.2,19.8,2.9
2021-06-16,26.9,20.2,3.2
2021-06-17,27.8,20.2,0.8
2021-06-18,27.8,20.4,1.1
2021-06-19,26.8,19.9,0.0
2021-06-20,28.3,20.0,0.3
2021-06-21,28.7,19.4,0.2
2021-06-22,29.5,19.4,0.0
2021-06-23,29.7,19.9,0.3
2021-06-24,29.1,20.2,0.6
2021-06-25,30.3,19.5,0.0
2021-06-26,28.0,20.0,17.2
2021-06-27,24.9,19.5,2.6
2021-06-28,28.4,18.9,0.1
2021-06-29,29.9,19.5,0.6
2021-06-30,30.7,20.8,0.8
2021-07-01,30.4,21.2,10.9
2021-07-02,28.3,20.6,4.3
2021-07-03,29.5,19.9,7.8
2021-07-04,28.7,20.2,6.9
2021-07-05,28.8,19.8,1.6
2021-07-06,28.6,20.0,3.8
2021-07-07,28.2,19.9,10.0
2021-07-08,28.7,20.3,2.3
2021-07-09,27.5,20.2,10.9
2021-07-10,26.1,20.0,3.4
2021-07-11,26.6,19.6,3.0
2021-07-12,27.4,20.0,0.7
2021-07-13,26.1,20.3,4.5
2021-07-14,23.5,19.9,10.5
2021-07-15,23.1,19.1,17.3
2021-07-16,23.5,19.7,22.3
2021-07-17,25.9,20.0,14.4
2021-07-18,22.4,19.9,10.9
2021-07-19,26.8,19.7,1.7
2021-07-20,26.5,19.2,2.2
2021-07-21,25.2,20.0,3.4
2021-07-22,23.2,20.0,11.2
2021-07-23,25.4,19.4,8.1
2021-07-24,27.5,19.7,2.6
2021-07-25,27.6,19.9,1.9
2021-07-26,26.7,19.9,0.0
2021-07-27,27.4,19.1,0.5
2021-07-28,27.9,19.7,0.9
2021-07-29,26.8,19.5,1.2
2021-07-30,27.4,19.4,0.6
2021-07-31,28.3,19.2,1.0
2021-08-01,27.8,19.4,0.5
2021-08-02,27.5,18.7,1.0
2021-08-03,28.1,19.6,0.9
2021-08-04,27.5,19.7,2.1
2021-08-05,27.8,19.2,4.9
2021-08-06,28.0,19.8,2.3
2021-08-07,27.9,20.0,5.9
2021-08-08,28.3,19.7,4.0
2021-08-09,28.2,20.1,1.3
2021-08-10,27.7,20.1,3.8
2021-08-11,27.8,19.7,7.9
2021-08-12,26.6,20.1,8.8
2021-08-13,28.0,19.6,7.2
2021-08-14,27.0,19.1,1.4
2021-08-15,26.6,18.7,0.9
2021-08-16,26.6,19.5,1.5
2021-08-17,25.3,19.4,1.3
2021-08-18,27.4,19.5,3.3
2021-08-19,26.3,20.0,0.2
2021-08-20,28.2,19.0,0.4
2021-08-21,26.8,19.8,1.3
2021-08-22,27.2,19.2,20.7
2021-08-23,26.9,19.1,11.8
2021-08-24,27.8,18.9,2.8
2021-08-25,27.3,19.8,9.7
2021-08-26,27.9,19.9,8.0
2021-08-27,26.7,20.4,30.8
2021-08-28,24.7,20.2,7.4
2021-08-29,25.2,19.9,32.8
2021-08-30,26.4,19.4,0.7
2021-08-31,27.9,19.1,0.0
2021-09-01,27.6,19.4,1.4
2021-09-02,27.4,19.7,14.6
2021-09-03,25.3,19.8,12.7
2021-09-04,24.7,19.5,16.3
2021-09-05,25.5,19.4,13.7
2021-09-06,24.5,19.8,2.6
2021-09-07,25.6,19.1,2.1
2021-09-08,27.3,19.7,2.0
2021-09-09,27.5,19.1,1.0
2021-09-10,27.4,18.8,0.3
2021-09-11,27.1,19.4,1.0
2021-09-12,25.5,19.7,4.8
2021-09-13,27.2,19.9,1.7
2021-09-14,28.0,20.3,1.0
2021-09-15,28.1,19.2,1.6
2021-09-16,27.7,19.3,0.6
2021-09-17,28.6,19.4,0.1
2021-09-18,28.3,19.1,0.0
2021-09-19,28.9,20.4,4.1
2021-09-20,27.9,20.2,1.4
2021-09-21,28.4,20.1,1.0
2021-09-22,27.9,19.6,1.7
2021-09-23,28.5,19.9,1.9
2021-09-24,28.2,19.9,5.7
2021-09-25,27.6,19.7,7.5
2021-09-26,27.6,19.6,3.7
2021-09-27,26.7,19.6,5.9
2021-09-28,27.0,19.0,0.5
2021-09-29,27.5,18.8,0.4
2021-09-30,26.5,19.1,5.7
2021-10-01,27.7,19.5,12.3
2021-10-02,27.9,20.2,12.4
2021-10-03,28.2,20.6,2.0
2021-10-04,28.4,19.7,1.8
2021-10-05,28.3,19.8,5.3
2021-10-06,23.8,20.2,55.6
2021-10-07,27.6,19.5,5.5
2021-10-08,26.4,20.2,9.7
2021-10-09,25.5,19.9,9.9
2021-10-10,27.0,19.6,7.4
2021-10-11,26.0,19.5,17.7
2021-10-12,24.6,19.8,30.1
2021-10-13,25.6,19.5,10.9
2021-10-14,26.9,19.0,18.6
2021-10-15,27.3,19.1,13.9
2021-10-16,27.7,19.9,11.2
2021-10-17,27.4,19.7,5.5
2021-10-18,26.8,20.0,5.8
2021-10-19,26.8,19.6,0.7
2021-10-20,28.1,20.4,11.9
2021-10-21,28.1,19.3,7.0
2021-10-22,27.7,18.1,3.0
2021-10-23,27.5,18.8,9.5
2021-10-24,26.4,17.9,13.1
2021-10-25,26.8,18.0,0.9
2021-10-26,26.4,17.9,0.5
2021-10-27,26.8,18.1,0.0
2021-10-28,26.9,17.2,0.0
2021-10-29,26.0,18.7,7.1
2021-10-30,27.4,19.3,2.6
2021-10-31,27.3,19.2,4.6
2021-11-01,23.9,18.8,4.9
2021-11-02,25.5,19.4,0.5
2021-11-03,25.6,19.2,7.8
2021-11-04,26.6,19.4,2.8
2021-11-05,25.8,18.5,11.0
2021-11-06,26.3,18.8,0.5
2021-11-07,24.1,18.9,1.0
2021-11-08,24.3,19.1,3.6
2021-11-09,23.8,17.8,0.0
2021-11-10,22.3,17.2,1.9
2021-11-11,19.1,17.2,20.4
2021-11-12,23.6,17.6,5.7
2021-11-13,25.6,19.3,18.9
2021-11-14,25.6,19.0,11.9
2021-11-15,26.3,19.0,17.8
2021-11-16,25.7,19.6,25.4
2021-11-17,26.5,19.2,13.3
2021-11-18,21.1,19.4,69.6
2021-11-19,22.4,19.2,31.4
2021-11-20,24.8,19.7,7.5
2021-11-21,26.6,19.4,17.9
2021-11-22,26.4,18.4,8.8
2021-11-23,27.0,19.2,1.0
2021-11-24,26.5,18.6,0.4
2021-11-25,26.2,18.6,0.0
2021-11-26,25.5,18.0,0.0
2021-11-27,21.7,18.6,5.1
2021-11-28,23.9,19.4,4.4
2021-11-29,24.1,19.3,1.4
2021-11-30,25.0,19.3,1.4
2021-12-01,25.5,18.6,1.0
2021-12-02,25.9,19.3,3.9
2021-12-03,26.4,18.4,1.8
2021-12-04,25.1,18.2,4.2
2021-12-05,26.7,17.8,1.2
2021-12-06,25.8,18.1,0.7
2021-12-07,26.6,17.9,0.1
2021-12-08,26.8,17.3,0.0
2021-12-09,26.6,19.1,0.5
2021-12-10,26.1,17.7,0.0
2021-12-11,25.4,18.7,2.3
2021-12-12,25.2,17.2,0.4
2021-12-13,25.1,18.2,1.2
2021-12-14,25.0,18.2,0.8
2021-12-15,25.3,17.5,0.0
2021-12-16,25.6,17.3,0.0
2021-12-17,25.8,16.9,0.0
2021-12-18,25.3,15.8,0.0
2021-12-19,24.2,14.1,0.0
2021-12-20,24.4,13.2,0.0
2021-12-21,24.9,14.4,0.0
2021-12-22,25.5,13.8,0.0
2021-12-23,26.2,14.3,0.0
2021-12-24,26.6,13.6,0.0
2021-12-25,27.7,13.0,0.0
2021-12-26,27.7,14.5,0.0
2021-12-27,26.1,15.4,0.0
2021-12-28,26.1,15.5,0.0
2021-12-29,26.1,16.8,0.0
2021-12-30,26.0,15.2,0.6
2021-12-31,26.2,18.0,2.4
2022-01-01,25.9,18.1,2.3
2022-01-02,27.0,16.2,0.0
2022-01-03,26.9,15.6,0.0
2022-01-04,26.5,16.3,0.0
2022-01-05,26.4,14.8,0.0
2022-01-06,27.0,16.1,0.0
2022-01-07,26.3,17.3,0.1
2022-01-08,27.0,17.8,0.0
2022-01-09,27.0,17.1,0.0
2022-01-10,27.0,17.1,0.2
2022-01-11,27.9,16.3,0.1
2022-01-12,27.1,18.1,0.2
2022-01-13,27.4,17.1,0.0
2022-01-14,27.3,17.6,0.0
2022-01-15,28.2,16.2,0.0
2022-01-16,27.0,18.2,0.5
2022-01-17,26.8,17.3,0.2
2022-01-18,27.3,16.0,0.0
2022-01-19,27.1,15.8,0.0
2022-01-20,28.2,13.8,0.0
2022-01-21,30.2,15.2,0.0
2022-01-22,29.2,14.4,0.0
2022-01-23,28.5,14.5,0.0
2022-01-24,27.5,13.8,0.0
2022-01-25,27.6,14.2,0.0
2022-01-26,27.4,16.8,0.0
2022-01-27,25.2,17.4,2.3
2022-01-28,26.6,17.1,0.0
2022-01-29,27.9,16.0,0.0
2022-01-30,28.2,17.1,0.2
2022-01-31,29.7,17.9,0.0
2022-02-01,29.5,18.2,0.0
2022-02-02,29.9,16.7,0.0
2022-02-03,29.0,16.7,0.0
2022-02-04,29.4,15.5,0.0
2022-02-05,29.7,16.2,0.0
2022-02-06,28.3,17.6,0.0
2022-02-07,29.0,18.5,0.0
2022-02-08,28.8,16.2,0.0
2022-02-09,28.6,15.4,0.0
2022-02-10,28.9,15.9,0.0
2022-02-11,29.1,15.9,0.0
2022-02-12,28.8,16.3,0.0
2022-02-13,28.6,16.2,0.0
2022-02-14,28.3,15.9,0.0
2022-02-15,28.7,17.0,0.0
2022-02-16,29.5,16.0,0.0
2022-02-17,29.5,16.5,0.0
2022-02-18,29.4,15.2,0.0
2022-02-19,29.7,16.0,0.0
2022-02-20,30.8,16.0,0.0
2022-02-21,31.5,17.0,0.0
2022-02-22,31.4,18.7,0.0
2022-02-23,29.9,17.0,0.0
2022-02-24,29.0,15.9,0.0
2022-02-25,30.7,14.7,0.0
2022-02-26,29.7,15.7,0.0
2022-02-27,30.0,17.4,0.0
2022-02-28,29.4,16.0,0.0
2022-03-01,30.1,17.0,0.0
2022-03-02,30.2,17.3,0.0
2022-03-03,30.5,16.4,0.0
2022-03-04,31.3,16.1,0.0
2022-03-05,30.9,15.9,0.0
2022-03-06,30.7,17.3,0.0
2022-03-07,27.8,17.7,3.4
2022-03-08,30.2,17.3,0.1
2022-03-09,31.8,17.6,0.0
2022-03-10,32.5,18.8,0.0
2022-03-11,32.4,18.2,0.0
2022-03-12,32.2,17.9,0.0
2022-03-13,31.9,18.6,0.0
2022-03-14,32.8,18.8,0.0
2022-03-15,33.1,17.8,0.0
2022-03-16,33.2,17.4,0.0
2022-03-17,33.8,18.4,0.0
2022-03-18,34.2,19.2,0.0
2022-03-19,32.3,19.2,0.0
2022-03-20,29.9,22.0,0.0
2022-03-21,33.0,19.8,0.2
2022-03-22,31.2,21.0,0.0
2022-03-23,32.9,20.9,0.0
2022-03-24,32.7,20.6,0.4
2022-03-25,32.2,20.3,0.0
2022-03-26,33.2,20.2,0.0
2022-03-27,34.2,20.8,0.0
2022-03-28,34.3,20.8,0.0
2022-03-29,34.0,21.2,0.1
2022-03-30,33.9,21.5,0.2
2022-03-31,32.3,21.7,0.0
2022-04-01,33.5,21.7,0.0
2022-04-02,32.8,20.3,0.0
2022-04-03,33.7,19.9,0.0
2022-04-04,32.9,19.7,0.0
2022-04-05,33.1,19.6,0.0
2022-04-06,33.8,18.9,0.0
2022-04-07,35.3,20.0,0.0
2022-04-08,33.2,19.4,0.1
2022-04-09,33.7,20.5,0.0
2022-04-10,34.1,20.3,0.0
2022-04-11,34.0,20.4,0.0
2022-04-12,33.3,20.9,0.0
2022-04-13,31.6,21.7,2.5
2022-04-14,32.2,20.9,12.8
2022-04-15,33.7,20.4,5.3
2022-04-16,33.8,20.2,4.2
2022-04-17,33.0,19.3,10.5
2022-04-18,31.7,19.2,0.2
2022-04-19,33.2,19.5,0.0
2022-04-20,34.4,20.6,0.0
2022-04-21,33.7,20.8,0.0
2022-04-22,33.4,20.1,0.0
2022-04-23,33.0,20.5,0.0
2022-04-24,33.2,20.3,0.0
2022-04-25,34.7,20.9,0.0
2022-04-26,34.7,21.5,0.0
2022-04-27,35.3,21.2,0.0
2022-04-28,34.9,21.9,0.0
2022-04-29,37.1,21.8,0.0
2022-04-30,34.7,21.8,0.0
2022-05-01,34.2,21.7,0.0
2022-05-02,34.2,21.7,0.0
2022-05-03,34.1,20.7,1.6
2022-05-04,33.3,21.3,0.7
2022-05-05,31.4,20.3,0.6
2022-05-06,31.0,20.3,10.7
2022-05-07,31.5,20.2,0.6
2022-05-08,33.0,19.7,0.1
2022-05-09,31.6,19.9,0.1
2022-05-10,27.2,21.4,4.9
2022-05-11,25.5,20.8,0.4
2022-05-12,24.8,20.3,20.6
2022-05-13,27.3,20.2,18.1
2022-05-14,28.8,20.3,14.6
2022-05-15,29.2,20.8,17.3
2022-05-16,27.6,21.0,25.1
2022-05-17,28.0,20.7,18.0
2022-05-18,27.3,20.5,13.4
2022-05-19,24.6,19.2,0.9
2022-05-20,26.2,18.5,4.9
2022-05-21,26.9,19.3,0.5
2022-05-22,27.8,19.8,0.6
2022-05-23,29.5,19.7,0.3
2022-05-24,29.5,20.2,0.4
2022-05-25,29.6,20.5,0.5
2022-05-26,29.5,19.9,3.6
2022-05-27,29.4,19.9,0.1
2022-05-28,29.5,19.2,0.3
2022-05-29,29.7,19.5,0.0
2022-05-30,29.9,19.5,6.2
2022-05-31,29.4,19.3,2.1
2022-06-01,29.2,19.4,4.8
2022-06-02,29.5,19.5,0.5
2022-06-03,29.8,19.7,8.7
2022-06-04,31.4,19.8,9.4
2022-06-05,30.3,20.3,15.1
2022-06-06,29.1,19.9,7.4
2022-06-07,27.3,19.9,1.3
2022-06-08,29.4,19.9,0.4
2022-06-09,29.6,20.0,0.7
2022-06-10,29.0,19.4,1.8
2022-06-11,28.5,19.3,1.6
2022-06-12,28.4,19.3,11.0
2022-06-13,28.8,19.3,0.1
2022-06-14,29.3,19.5,11.8
2022-06-15,27.7,20.6,0.5
2022-06-16,28.7,20.0,10.2
2022-06-17,28.2,19.5,7.7
2022-06-18,26.7,19.5,24.1
2022-06-19,27.6,20.0,3.0
2022-06-20,28.0,19.2,1.7
2022-06-21,27.0,19.8,7.1
2022-06-22,26.2,19.9,0.9
2022-06-23,26.8,19.7,0.9
2022-06-24,27.5,19.4,1.2
2022-06-25,27.9,19.6,10.2
2022-06-26,27.2,20.2,1.0
2022-06-27,27.9,19.7,0.5
2022-06-28,27.4,19.5,1.0
2022-06-29,27.7,19.9,3.0
2022-06-30,27.7,19.5,13.3
2022-07-01,27.3,19.6,6.3
2022-07-02,28.2,19.7,3.4
2022-07-03,28.1,20.0,4.9
2022-07-04,25.3,20.3,1.7
2022-07-05,24.1,19.8,10.3
2022-07-06,24.9,19.7,3.6
2022-07-07,24.1,19.8,15.2
2022-07-08,26.2,19.6,1.4
2022-07-09,23.7,19.5,11.4
2022-07-10,25.0,19.5,4.1
2022-07-11,24.1,19.3,5.0
2022-07-12,26.1,19.0,0.9
2022-07-13,26.3,19.7,3.3
2022-07-14,26.2,19.6,5.3
2022-07-15,27.0,19.7,1.7
2022-07-16,27.2,19.7,7.2
2022-07-17,27.7,19.8,5.0
2022-07-18,26.8,20.1,5.0
2022-07-19,27.5,18.9,1.8
2022-07-20,28.7,19.8,18.6
2022-07-21,28.0,20.0,10.0
2022-07-22,26.9,20.0,12.9
2022-07-23,27.0,19.3,1.6
2022-07-24,26.3,18.7,1.7
2022-07-25,27.4,18.7,0.3
2022-07-26,26.9,19.1,2.5
2022-07-27,28.4,18.3,5.6
2022-07-28,28.0,19.1,4.9
2022-07-29,29.0,18.7,5.0
2022-07-30,28.3,18.9,12.7
2022-07-31,28.2,19.3,9.9
2022-08-01,27.9,19.9,39.6
2022-08-02,27.6,19.7,25.0
2022-08-03,26.8,19.2,17.7
2022-08-04,25.0,19.7,17.6
2022-08-05,23.2,19.7,24.2
2022-08-06,25.0,19.6,5.2
2022-08-07,24.0,20.0,5.2
2022-08-08,25.9,19.8,3.7
2022-08-09,26.4,19.9,0.9
2022-08-10,26.5,19.4,2.5
2022-08-11,27.2,19.4,1.7
2022-08-12,26.7,20.0,1.0
2022-08-13,27.4,19.2,0.5
2022-08-14,26.2,18.7,0.0
2022-08-15,27.6,18.3,0.0
2022-08-16,27.7,18.6,0.3
2022-08-17,28.0,18.6,0.2
2022-08-18,28.3,19.3,0.9
2022-08-19,27.6,19.9,0.3
2022-08-20,27.1,19.1,0.3
2022-08-21,26.0,19.3,3.6
2022-08-22,27.3,19.4,4.4
2022-08-23,27.5,19.3,3.2
2022-08-24,25.8,19.2,8.0
2022-08-25,26.7,19.2,9.3
2022-08-26,26.1,19.1,20.2
2022-08-27,27.4,19.4,16.7
2022-08-28,27.0,19.3,4.2
2022-08-29,27.2,19.2,17.3
2022-08-30,28.0,19.3,9.3
2022-08-31,27.5,19.5,5.2
2022-09-01,27.1,19.5,12.5
2022-09-02,27.6,19.1,1.4
2022-09-03,27.9,19.0,1.6
2022-09-04,28.5,19.0,11.8
2022-09-05,28.7,19.3,5.8
2022-09-06,27.6,18.3,12.7
2022-09-07,26.3,19.8,8.1
2022-09-08,23.5,19.6,7.3
2022-09-09,26.2,19.4,3.0
2022-09-10,26.7,19.9,8.9
2022-09-11,26.9,19.5,2.6
2022-09-12,27.0,19.5,0.8
2022-09-13,27.0,18.6,1.2
2022-09-14,27.1,19.4,1.2
2022-09-15,26.4,18.7,0.8
2022-09-16,27.5,18.3,0.1
2022-09-17,27.2,18.6,0.4
2022-09-18,27.2,18.5,0.4
2022-09-19,27.4,18.9,0.4
2022-09-20,27.3,17.5,0.1
2022-09-21,27.0,17.9,0.9
2022-09-22,27.5,18.3,0.0
2022-09-23,27.1,17.5,0.4
2022-09-24,28.0,18.2,1.6
2022-09-25,27.8,18.3,0.6
2022-09-26,26.4,19.4,3.0
2022-09-27,27.6,19.9,1.2
2022-09-28,27.9,19.9,0.3
2022-09-29,27.9,18.8,0.0
2022-09-30,24.9,18.7,8.1
2022-10-01,22.9,19.5,6.0
2022-10-02,26.9,19.5,0.9
2022-10-03,26.8,18.6,0.7
2022-10-04,26.8,18.5,0.2
2022-10-05,27.3,19.0,1.2
2022-10-06,25.7,19.1,5.5
2022-10-07,26.8,17.7,1.1
2022-10-08,27.0,16.5,0.1
2022-10-09,26.1,18.8,15.9
2022-10-10,26.8,19.3,9.7
2022-10-11,25.9,19.7,6.5
2022-10-12,26.1,18.8,23.6
2022-10-13,26.4,18.7,21.9
2022-10-14,26.5,19.0,8.2
2022-10-15,27.4,18.8,7.8
2022-10-16,26.6,18.9,17.1
2022-10-17,27.3,19.5,2.7
2022-10-18,26.4,19.0,2.9
2022-10-19,27.2,18.2,6.5
2022-10-20,26.9,18.2,10.7
2022-10-21,27.1,18.1,2.7
2022-10-22,26.8,17.5,0.0
2022-10-23,25.7,16.1,0.0
2022-10-24,25.0,14.9,0.0
2022-10-25,25.1,13.8,0.0
2022-10-26,25.6,14.6,0.0
2022-10-27,27.1,15.4,0.0
2022-10-28,25.9,17.2,0.3
2022-10-29,26.0,18.1,1.0
2022-10-30,25.9,18.4,1.5
2022-10-31,26.4,17.7,0.0
2022-11-01,24.6,17.1,14.0
2022-11-02,23.7,17.5,9.9
2022-11-03,25.2,18.6,0.3
2022-11-04,26.7,18.9,1.3
2022-11-05,26.9,19.0,0.5
2022-11-06,26.2,17.8,0.4
2022-11-07,26.3,17.2,0.0
2022-11-08,27.1,17.1,0.0
2022-11-09,26.9,16.3,0.0
2022-11-10,27.2,16.6,0.3
2022-11-11,21.9,18.0,20.5
2022-11-12,23.1,18.6,3.0
2022-11-13,24.5,18.7,2.0
2022-11-14,26.6,18.4,1.5
2022-11-15,25.9,18.3,1.5
2022-11-16,26.8,18.0,0.0
2022-11-17,25.9,14.8,0.0
2022-11-18,25.8,13.4,0.0
2022-11-19,25.4,13.1,0.0
2022-11-20,24.7,13.0,0.0
2022-11-21,25.0,13.8,0.1
2022-11-22,24.7,16.7,1.8
2022-11-23,24.1,18.4,8.3
2022-11-24,26.4,19.2,3.7
2022-11-25,26.7,18.2,0.4
2022-11-26,27.3,18.0,0.0
2022-11-27,26.8,18.6,0.8
2022-11-28,27.3,18.8,0.9
2022-11-29,27.3,18.2,0.1
2022-11-30,26.1,15.8,0.0
2022-12-01,26.4,16.6,0.7
2022-12-02,26.9,19.0,0.0
2022-12-03,27.3,18.4,0.3
2022-12-04,27.7,19.2,0.0
2022-12-05,27.2,17.1,0.0
2022-12-06,27.1,17.9,0.0
2022-12-07,27.1,16.5,0.0
2022-12-08,25.7,16.0,0.2
2022-12-09,20.5,15.8,3.4
2022-12-10,18.5,16.6,32.5
2022-12-11,21.9,17.9,4.5
2022-12-12,23.9,18.4,4.0
2022-12-13,24.6,18.9,7.0
2022-12-14,25.1,17.8,0.1
2022-12-15,25.7,15.8,0.0
2022-12-16,26.0,15.2,0.0
2022-12-17,26.2,15.3,0.0
2022-12-18,26.0,16.6,0.0
2022-12-19,24.7,16.6,0.1
2022-12-20,26.4,14.9,0.0
2022-12-21,25.8,14.9,0.0
2022-12-22,25.8,14.3,0.0
2022-12-23,26.4,13.3,0.0
2022-12-24,26.7,12.9,0.0
2022-12-25,25.5,16.1,1.5
2022-12-26,26.4,19.1,0.8
2022-12-27,26.7,18.8,1.4
2022-12-28,27.0,18.5,0.0
2022-12-29,27.4,16.6,0.0
2022-12-30,27.2,15.8,0.0
2022-12-31,27.2,14.8,0.0
2023-01-01,27.5,14.9,0.0
2023-01-02,26.7,15.5,0.0
2023-01-03,26.5,14.9,0.0
2023-01-04,26.4,16.0,0.0
2023-01-05,25.1,15.8,0.1
2023-01-06,26.8,15.0,0.0
2023-01-07,26.6,15.3,0.0
2023-01-08,26.7,15.8,0.0
2023-01-09,26.1,14.5,0.0
2023-01-10,26.6,12.7,0.0
2023-01-11,27.2,11.9,0.0
2023-01-12,28.2,12.8,0.0
2023-01-13,28.4,12.3,0.0
2023-01-14,29.0,13.4,0.0
2023-01-15,28.4,12.0,0.0
2023-01-16,29.0,12.5,0.0
2023-01-17,28.6,14.1,0.0
2023-01-18,27.5,13.5,0.0
2023-01-19,27.1,13.7,0.0
2023-01-20,26.5,13.5,0.0
2023-01-21,26.6,16.6,0.0
2023-01-22,26.7,14.7,0.0
2023-01-23,27.4,14.9,0.0
2023-01-24,27.9,17.9,0.0
2023-01-25,27.8,16.1,0.0
2023-01-26,27.8,15.0,0.0
2023-01-27,28.3,15.3,0.0
2023-01-28,27.9,13.9,0.0
2023-01-29,27.7,13.5,0.0
2023-01-30,27.2,17.0,2.3
2023-01-31,29.1,17.5,0.0
2023-02-01,28.4,15.7,0.0
2023-02-02,29.0,17.3,0.0
2023-02-03,26.6,16.4,0.0
2023-02-04,29.2,17.0,0.0
2023-02-05,30.1,16.5,0.0
2023-02-06,29.4,15.9,0.0
2023-02-07,29.7,16.0,0.0
2023-02-08,30.9,17.0,0.0
2023-02-09,30.3,16.9,0.0
2023-02-10,30.2,16.3,0.0
2023-02-11,30.3,14.8,0.0
2023-02-12,31.0,16.1,0.0
2023-02-13,30.5,16.4,0.0
2023-02-14,30.5,15.6,0.0
2023-02-15,30.6,14.7,0.0
2023-02-16,30.5,15.7,0.0
2023-02-17,30.4,15.5,0.0
2023-02-18,30.2,14.8,0.0
2023-02-19,29.9,15.4,0.0
2023-02-20,30.0,16.4,0.0
2023-02-21,31.1,16.9,0.0
2023-02-22,31.1,16.7,0.0
2023-02-23,31.0,15.1,0.0
2023-02-24,31.4,14.2,0.0
2023-02-25,31.7,15.4,0.0
2023-02-26,30.5,16.4,0.0
2023-02-27,29.9,13.9,0.0
2023-02-28,30.7,14.2,0.0
2023-03-01,30.0,18.2,0.0
2023-03-02,30.1,15.2,0.0
2023-03-03,31.0,15.0,0.0
2023-03-04,31.0,16.2,0.0
2023-03-05,31.3,17.2,0.0
2023-03-06,31.2,16.8,0.0
2023-03-07,31.0,16.1,0.0
2023-03-08,30.8,16.2,0.0
2023-03-09,30.5,16.0,0.0
2023-03-10,30.4,16.5,0.0
2023-03-11,31.4,15.7,0.0
2023-03-12,31.2,15.3,0.0
2023-03-13,31.8,17.5,0.0
2023-03-14,32.7,18.0,0.0
2023-03-15,32.6,18.3,0.0
2023-03-16,30.7,20.0,1.2
2023-03-17,29.4,19.2,3.9
2023-03-18,30.0,18.9,12.4
2023-03-19,30.4,17.7,6.7
2023-03-20,31.4,17.0,0.0
2023-03-21,31.4,18.1,0.0
2023-03-22,31.7,18.1,0.0
2023-03-23,33.6,19.3,0.0
2023-03-24,33.0,19.9,0.0
2023-03-25,30.8,19.6,1.3
2023-03-26,31.0,20.7,0.4
2023-03-27,35.5,20.2,0.0
2023-03-28,34.7,20.4,0.0
2023-03-29,32.3,21.3,5.7
2023-03-30,32.2,20.9,0.6
2023-03-31,31.4,19.8,0.2
2023-04-01,29.7,21.5,1.5
2023-04-02,33.8,20.1,0.0
2023-04-03,32.9,19.7,0.0
2023-04-04,31.1,20.9,0.6
2023-04-05,32.5,19.1,0.0
2023-04-06,31.2,20.6,0.2
2023-04-07,32.1,20.3,0.0
2023-04-08,32.2,19.5,0.0
2023-04-09,32.4,18.3,0.0
2023-04-10,32.9,19.4,0.0
2023-04-11,33.6,18.8,0.0
2023-04-12,34.7,18.6,0.0
2023-04-13,35.1,18.9,0.0
2023-04-14,35.2,20.1,0.0
2023-04-15,34.0,19.7,0.0
2023-04-16,34.3,19.5,0.0
2023-04-17,34.6,19.5,0.0
2023-04-18,34.9,20.5,0.0
2023-04-19,35.5,21.0,0.0
2023-04-20,34.9,20.6,0.0
2023-04-21,33.9,21.4,0.0
2023-04-22,33.4,21.1,0.0
2023-04-23,33.3,21.4,0.0
2023-04-24,33.8,21.5,0.1
2023-04-25,32.1,22.1,2.1
2023-04-26,33.2,21.1,0.8
2023-04-27,33.7,21.1,0.1
2023-04-28,32.8,21.3,0.3
2023-04-29,31.8,20.9,4.5
2023-04-30,31.9,20.3,17.8
2023-05-01,29.5,19.4,3.8
2023-05-02,29.6,20.6,2.5
2023-05-03,27.0,19.8,5.2
2023-05-04,28.6,19.8,1.0
2023-05-05,27.7,20.0,0.7
2023-05-06,29.8,20.4,8.7
2023-05-07,26.1,20.1,4.1
2023-05-08,29.3,21.0,19.8
2023-05-09,31.0,19.1,9.6
2023-05-10,32.0,19.4,0.0
2023-05-11,32.6,20.4,6.7
2023-05-12,31.8,20.9,0.2
2023-05-13,30.9,21.5,2.1
2023-05-14,32.4,20.5,0.0
2023-05-15,33.0,21.2,0.0
2023-05-16,33.0,19.8,0.0
2023-05-17,32.6,21.9,0.0
2023-05-18,34.2,21.5,0.1
2023-05-19,34.2,21.7,0.0
2023-05-20,33.3,21.2,0.1
2023-05-21,31.6,21.8,7.3
2023-05-22,31.6,20.4,1.6
2023-05-23,32.4,19.8,1.0
2023-05-24,31.8,21.1,6.6
2023-05-25,31.3,20.9,1.4
2023-05-26,31.3,20.8,0.0
2023-05-27,31.4,20.5,0.5
2023-05-28,32.3,21.1,0.0
2023-05-29,32.6,21.4,1.8
2023-05-30,30.0,21.5,36.6
2023-05-31,30.6,21.2,20.3
2023-06-01,31.0,20.7,3.1
2023-06-02,30.3,20.8,0.0
2023-06-03,31.6,20.9,0.4
2023-06-04,30.0,21.2,0.0
2023-06-05,30.8,21.0,0.1
2023-06-06,31.3,21.3,0.3
2023-06-07,31.6,21.2,0.0
2023-06-08,31.6,20.6,0.0
2023-06-09,31.4,20.3,5.5
2023-06-10,30.8,20.1,0.7
2023-06-11,30.8,20.6,0.2
2023-06-12,30.5,20.3,13.0
2023-06-13,30.8,20.1,1.8
2023-06-14,30.7,20.0,1.1
2023-06-15,31.6,19.9,0.0
2023-06-16,32.0,20.8,0.0
2023-06-17,31.4,19.9,0.2
2023-06-18,30.8,21.2,1.0
2023-06-19,28.4,20.5,2.4
2023-06-20,26.3,21.4,18.5
2023-06-21,29.4,20.3,13.6
2023-06-22,29.1,20.8,3.7
2023-06-23,28.9,20.3,0.5
2023-06-24,28.1,20.3,3.6
2023-06-25,29.1,19.3,0.9
2023-06-26,28.7,20.2,0.2
2023-06-27,28.8,19.4,2.3
2023-06-28,28.9,19.8,2.4
2023-06-29,28.7,19.5,9.1
2023-06-30,29.8,20.1,1.7
2023-07-01,29.3,19.8,0.7
2023-07-02,28.9,20.5,4.7
2023-07-03,28.9,20.3,8.3
2023-07-04,26.4,20.0,14.9
2023-07-05,26.5,20.1,12.3
2023-07-06,25.2,19.6,15.3
2023-07-07,26.7,19.4,4.9
2023-07-08,26.9,19.9,1.8
2023-07-09,27.9,20.1,4.6
2023-07-10,26.4,19.6,4.3
2023-07-11,26.0,20.0,0.7
2023-07-12,28.0,19.4,1.7
2023-07-13,25.4,19.6,6.2
2023-07-14,27.5,19.8,2.4
2023-07-15,28.1,19.3,0.6
2023-07-16,27.7,19.6,1.3
2023-07-17,27.5,19.5,2.5
2023-07-18,27.9,20.4,0.8
2023-07-19,26.6,20.4,1.1
2023-07-20,27.2,20.4,1.6
2023-07-21,27.6,20.1,2.3
2023-07-22,25.6,20.6,8.4
2023-07-23,26.0,20.3,9.7
2023-07-24,25.7,19.8,12.7
2023-07-25,23.4,19.8,13.5
2023-07-26,23.2,19.3,19.3
2023-07-27,27.1,19.6,2.3
2023-07-28,28.2,19.0,1.5
2023-07-29,27.8,19.5,1.0
2023-07-30,28.0,18.6,0.7
2023-07-31,28.7,19.4,1.3
2023-08-01,28.2,19.7,0.4
2023-08-02,28.0,19.5,0.0
2023-08-03,28.0,19.6,1.0
2023-08-04,28.6,19.1,1.1
2023-08-05,28.7,19.4,1.2
2023-08-06,28.8,19.4,0.3
2023-08-07,29.0,19.5,0.9
2023-08-08,28.9,19.2,0.6
2023-08-09,29.1,19.2,1.1
2023-08-10,28.7,19.9,0.5
2023-08-11,28.4,20.3,0.6
2023-08-12,29.7,20.1,0.3
2023-08-13,29.3,19.6,0.1
2023-08-14,29.2,20.6,0.4
2023-08-15,29.4,19.0,0.5
2023-08-16,30.8,19.1,0.0
2023-08-17,30.7,20.1,0.6
2023-08-18,30.1,19.8,1.1
2023-08-19,28.9,19.9,7.3
2023-08-20,30.0,19.4,0.8
2023-08-21,30.5,19.4,0.0
2023-08-22,30.7,20.3,0.8
2023-08-23,30.6,20.5,0.0
2023-08-24,30.5,20.0,0.0
2023-08-25,31.0,19.7,0.0
2023-08-26,31.0,19.9,3.8
2023-08-27,30.6,20.5,0.1
2023-08-28,31.4,20.5,0.0
2023-08-29,31.0,20.8,0.7
2023-08-30,31.4,19.9,12.5
2023-08-31,28.8,19.9,8.8
2023-09-01,30.2,20.0,9.2
2023-09-02,29.2,20.2,11.8
2023-09-03,28.3,20.0,0.0
2023-09-04,26.9,20.3,1.2
2023-09-05,25.8,19.5,1.5
2023-09-06,28.2,20.4,1.3
2023-09-07,28.7,20.4,4.7
2023-09-08,28.1,20.2,2.1
2023-09-09,29.0,19.7,1.1
2023-09-10,28.6,19.5,2.0
2023-09-11,27.6,19.6,1.6
2023-09-12,28.8,20.0,2.5
2023-09-13,28.9,19.2,4.1
2023-09-14,28.8,19.1,0.6
2023-09-15,28.8,19.7,3.5
2023-09-16,28.6,20.0,5.8
2023-09-17,26.8,19.9,7.5
2023-09-18,28.8,19.5,4.8
2023-09-19,28.7,19.7,1.0
2023-09-20,28.7,19.1,0.3
2023-09-21,27.0,19.6,0.2
2023-09-22,28.6,19.6,6.2
2023-09-23,29.0,19.9,6.5
2023-09-24,27.1,19.9,7.5
2023-09-25,26.9,19.5,1.1
2023-09-26,28.4,19.5,1.8
2023-09-27,27.9,19.7,11.5
2023-09-28,27.1,19.0,9.4
2023-09-29,27.5,19.8,5.7
2023-09-30,28.2,19.5,2.7
2023-10-01,27.5,20.3,1.1
2023-10-02,28.1,19.8,0.3
2023-10-03,28.2,19.1,0.1
2023-10-04,28.2,19.0,0.4
2023-10-05,27.5,19.7,2.2
2023-10-06,29.5,20.2,1.5
2023-10-07,29.3,20.0,0.8
2023-10-08,29.7,20.2,14.4
2023-10-09,27.8,19.2,19.3
2023-10-10,28.7,19.5,1.9
2023-10-11,29.2,19.8,1.0
2023-10-12,30.0,19.9,0.3
2023-10-13,29.4,18.5,0.0
2023-10-14,29.2,18.4,0.0
2023-10-15,30.7,19.2,0.0
2023-10-16,30.0,20.8,0.4
2023-10-17,30.0,20.5,0.3
2023-10-18,30.4,19.1,0.0
2023-10-19,30.8,17.6,0.0
2023-10-20,31.1,18.9,0.0
2023-10-21,31.4,19.8,0.0
2023-10-22,31.6,19.1,0.0
2023-10-23,30.4,18.3,0.0
2023-10-24,29.9,17.0,0.0
2023-10-25,30.0,17.1,0.0
2023-10-26,30.0,16.5,0.0
2023-10-27,30.7,18.6,0.0
2023-10-28,30.9,20.3,0.0
2023-10-29,29.5,20.2,6.1
2023-10-30,28.7,19.5,4.1
2023-10-31,28.8,19.5,1.4
2023-11-01,29.4,18.9,1.3
2023-11-02,29.6,18.4,0.6
2023-11-03,30.0,20.7,2.0
2023-11-04,28.0,19.6,4.8
2023-11-05,27.8,19.3,22.6
2023-11-06,27.8,19.0,26.6
2023-11-07,27.1,18.9,9.2
2023-11-08,27.4,20.1,13.2
2023-11-09,27.2,19.6,6.4
2023-11-10,27.3,19.6,0.9
2023-11-11,28.1,16.9,0.0
2023-11-12,27.6,15.9,0.0
2023-11-13,27.2,16.0,0.0
2023-11-14,24.1,18.0,0.7
2023-11-15,27.4,18.2,1.0
2023-11-16,28.8,18.4,0.0
2023-11-17,29.7,19.0,0.0
2023-11-18,29.4,18.9,0.0
2023-11-19,29.2,17.3,0.0
2023-11-20,28.7,17.4,0.1
2023-11-21,28.4,19.0,3.5
2023-11-22,28.2,19.8,1.7
2023-11-23,27.1,19.6,5.4
2023-11-24,27.2,19.5,3.7
2023-11-25,27.5,19.5,1.5
2023-11-26,26.8,18.7,0.6
2023-11-27,26.5,19.4,1.9
2023-11-28,27.7,19.4,0.7
2023-11-29,28.2,19.7,0.5
2023-11-30,27.9,18.5,0.2
2023-12-01,28.0,19.3,2.9
2023-12-02,28.2,17.4,1.2
2023-12-03,26.5,19.6,2.8
2023-12-04,24.0,19.8,0.0
2023-12-05,28.5,18.5,0.0
2023-12-06,28.4,17.1,0.0
2023-12-07,28.9,18.4,0.1
2023-12-08,28.4,19.8,1.9
2023-12-09,27.1,20.0,1.9
2023-12-10,28.3,18.9,0.0
2023-12-11,27.8,18.2,0.2
2023-12-12,28.1,18.4,0.0
2023-12-13,26.6,16.3,0.0
2023-12-14,26.2,16.8,0.0
2023-12-15,28.4,16.4,0.0
2023-12-16,28.6,18.8,0.7
2023-12-17,26.5,18.3,0.2
2023-12-18,26.6,18.5,0.0
2023-12-19,27.0,17.8,0.0
2023-12-20,27.0,17.1,0.0
2023-12-21,28.5,16.9,0.0
2023-12-22,28.5,17.8,0.0
2023-12-23,28.3,16.2,0.0
2023-12-24,28.9,14.0,0.0
2023-12-25,28.5,17.5,0.0
2023-12-26,28.0,14.5,0.0
2023-12-27,28.2,14.9,0.0
2023-12-28,28.0,15.4,0.0
2023-12-29,27.9,16.6,0.0
2023-12-30,27.8,17.4,0.0
2023-12-31,27.9,16.8,0.0
2024-01-01,28.4,16.6,0.0
2024-01-02,27.6,18.2,0.0
2024-01-03,27.4,16.4,0.0
2024-01-04,25.5,18.2,2.7
2024-01-05,27.0,18.6,0.2
2024-01-06,28.7,19.3,1.2
2024-01-07,27.8,17.0,0.0
2024-01-08,23.5,18.4,2.4
2024-01-09,26.6,18.8,1.0
2024-01-10,25.0,17.2,0.0
2024-01-11,27.8,17.0,0.0
2024-01-12,27.3,15.6,0.0
2024-01-13,28.5,15.8,0.0
2024-01-14,28.4,16.9,0.0
2024-01-15,28.2,15.6,0.0
2024-01-16,28.3,15.7,0.0
2024-01-17,28.4,15.9,0.0
2024-01-18,28.9,16.6,0.0
2024-01-19,29.4,17.5,0.0
2024-01-20,29.2,16.6,0.0
2024-01-21,29.2,17.0,0.0
2024-01-22,29.2,17.0,0.0
2024-01-23,29.1,17.0,0.0
2024-01-24,29.7,17.3,0.0
2024-01-25,28.6,17.6,0.0
2024-01-26,28.3,16.9,0.0
2024-01-27,28.4,16.2,0.0
2024-01-28,28.4,16.0,0.0
2024-01-29,28.2,16.7,0.0
2024-01-30,29.2,15.1,0.0
2024-01-31,29.6,16.8,0.0
2024-02-01,30.0,18.4,0.0
2024-02-02,30.6,18.9,0.0
2024-02-03,30.4,19.4,0.0
2024-02-04,29.7,17.9,0.0
2024-02-05,30.6,16.7,0.0
2024-02-06,32.2,15.8,0.0
2024-02-07,32.6,16.8,0.0
2024-02-08,32.9,17.0,0.0
2024-02-09,32.3,17.1,0.0
2024-02-10,30.8,17.1,0.0
2024-02-11,30.5,17.4,0.0
2024-02-12,30.8,15.8,0.0
2024-02-13,30.7,16.4,0.0
2024-02-14,30.7,17.9,0.0
2024-02-15,30.8,17.0,0.0
2024-02-16,29.8,16.7,0.0
2024-02-17,31.3,17.1,0.0
2024-02-18,32.1,17.6,0.0
2024-02-19,31.0,17.3,0.0
2024-02-20,31.6,18.8,0.0
2024-02-21,32.1,19.7,0.0
2024-02-22,32.4,19.4,0.0
2024-02-23,32.7,18.5,0.0
2024-02-24,31.8,19.5,0.0
2024-02-25,32.1,20.2,0.0
2024-02-26,31.2,17.8,0.0
2024-02-27,31.1,18.0,0.0
2024-02-28,32.6,17.2,0.0
2024-02-29,32.2,16.4,0.0
2024-03-01,32.4,16.7,0.0
2024-03-02,32.5,17.6,0.0
2024-03-03,32.7,18.4,0.0
2024-03-04,34.4,18.9,0.0
2024-03-05,34.3,18.9,0.0
2024-03-06,34.5,20.0,0.0
2024-03-07,34.5,19.9,0.0
2024-03-08,33.6,20.8,0.0
2024-03-09,33.4,20.5,0.0
2024-03-10,33.3,22.3,0.0
2024-03-11,33.9,20.8,0.0
2024-03-12,34.2,20.3,0.0
2024-03-13,34.6,21.7,0.0
2024-03-14,34.1,21.7,0.0
2024-03-15,34.8,21.8,0.0
2024-03-16,35.5,22.6,0.0
2024-03-17,34.6,20.6,0.0
2024-03-18,34.8,20.0,0.0
2024-03-19,34.4,20.8,0.0
2024-03-20,35.2,20.2,0.0
2024-03-21,32.7,20.0,0.0
2024-03-22,34.1,20.0,0.0
2024-03-23,34.6,19.4,0.0
2024-03-24,35.0,19.7,0.0
2024-03-25,35.5,19.3,0.0
2024-03-26,35.5,19.9,0.0
2024-03-27,35.0,18.9,0.0
2024-03-28,35.3,19.8,0.0
2024-03-29,36.0,21.3,0.0
2024-03-30,35.7,20.7,0.0
2024-03-31,35.5,20.2,0.0
2024-04-01,36.1,20.4,0.0
2024-04-02,36.8,22.7,0.0
2024-04-03,36.7,21.7,0.0
2024-04-04,36.5,22.0,0.0
2024-04-05,37.5,22.3,0.0
2024-04-06,37.4,21.4,0.0
2024-04-07,37.1,22.4,0.0
2024-04-08,37.0,21.6,0.0
2024-04-09,35.4,21.5,0.0
2024-04-10,35.6,20.7,0.0
2024-04-11,35.7,20.6,0.0
2024-04-12,34.7,21.9,0.1
2024-04-13,35.0,21.4,0.0
2024-04-14,35.3,20.7,0.0
2024-04-15,36.0,20.7,0.0
2024-04-16,36.3,19.9,0.0
2024-04-17,37.6,22.7,0.0
2024-04-18,37.8,22.9,0.0
2024-04-19,38.1,24.1,0.0
2024-04-20,37.2,23.8,0.0
2024-04-21,37.1,22.9,0.0
2024-04-22,37.7,23.1,0.0
2024-04-23,37.3,22.2,0.0
2024-04-24,36.9,22.0,0.0
2024-04-25,37.5,22.6,0.0
2024-04-26,37.2,22.6,0.0
2024-04-27,37.7,21.4,0.0
2024-04-28,38.6,22.3,0.0
2024-04-29,38.0,24.0,0.0
2024-04-30,38.6,23.7,0.0
2024-05-01,39.5,23.2,0.0
2024-05-02,37.9,24.7,0.6
2024-05-03,37.5,24.7,0.2
2024-05-04,37.9,23.2,0.1
2024-05-05,37.7,23.2,0.0
2024-05-06,39.3,23.3,0.0
2024-05-07,35.9,23.6,0.1
2024-05-08,34.0,21.5,6.2
2024-05-09,32.8,22.6,4.5
2024-05-10,33.0,22.4,6.0
2024-05-11,34.0,21.7,0.0
2024-05-12,31.8,22.0,5.8
2024-05-13,32.7,20.8,4.9
2024-05-14,29.2,21.6,16.2
2024-05-15,32.2,21.2,1.0
2024-05-16,27.2,21.3,2.8
2024-05-17,29.3,20.9,15.0
2024-05-18,29.3,21.1,19.5
2024-05-19,29.3,21.5,9.1
2024-05-20,27.6,21.1,25.2
2024-05-21,29.8,21.4,10.5
2024-05-22,29.8,21.2,12.9
2024-05-23,31.5,20.5,0.7
2024-05-24,29.8,21.8,3.5
2024-05-25,29.7,22.0,0.5
2024-05-26,29.2,21.7,2.4
2024-05-27,30.6,20.7,0.0
2024-05-28,32.2,21.4,0.0
2024-05-29,32.1,20.5,0.2
2024-05-30,32.2,21.4,2.4
2024-05-31,32.2,21.6,1.2
2024-06-01,32.2,22.4,28.0
2024-06-02,30.9,22.5,10.3
2024-06-03,28.4,22.1,0.6
2024-06-04,29.4,21.3,7.1
2024-06-05,27.6,20.9,20.8
2024-06-06,28.1,21.5,8.4
2024-06-07,27.1,21.3,7.2
2024-06-08,28.8,20.7,1.9
2024-06-09,27.1,20.5,3.3
2024-06-10,27.6,20.6,2.2
2024-06-11,28.8,21.1,0.6
2024-06-12,27.7,20.7,6.9
2024-06-13,28.7,20.0,3.1
2024-06-14,28.6,20.3,0.0
2024-06-15,29.9,19.4,0.0
2024-06-16,29.3,19.6,1.0
2024-06-17,29.8,20.3,0.6
2024-06-18,29.2,20.3,4.4
2024-06-19,29.2,20.2,5.4
2024-06-20,28.3,20.4,0.6
2024-06-21,28.8,19.7,3.3
2024-06-22,28.0,20.1,1.9
2024-06-23,28.3,20.2,1.6
2024-06-24,29.8,20.5,4.1
2024-06-25,27.4,20.8,1.6
2024-06-26,28.0,20.8,2.2
2024-06-27,25.7,21.0,6.1
2024-06-28,29.1,20.1,0.8
2024-06-29,29.8,19.8,1.0
2024-06-30,28.4,20.2,1.4
2024-07-01,27.6,20.5,9.0
2024-07-02,29.4,20.1,0.1
2024-07-03,29.3,20.0,10.4
2024-07-04,26.8,20.0,3.8
2024-07-05,29.8,20.2,6.9
2024-07-06,26.6,20.0,5.9
2024-07-07,28.7,20.1,1.0
2024-07-08,27.9,20.4,5.6
2024-07-09,28.7,19.7,2.9
2024-07-10,29.3,19.4,1.5
2024-07-11,26.9,20.2,3.7
2024-07-12,29.2,19.7,17.4
2024-07-13,25.8,20.5,1.2
2024-07-14,26.5,20.6,1.5
2024-07-15,26.4,20.3,16.8
2024-07-16,24.4,20.3,16.2
2024-07-17,25.8,20.0,5.2
2024-07-18,26.0,20.5,9.3
2024-07-19,22.3,20.2,14.5
2024-07-20,25.2,19.8,2.8
2024-07-21,27.2,20.5,1.1
2024-07-22,27.7,20.5,1.4
2024-07-23,27.2,20.9,2.2
2024-07-24,27.2,20.6,1.5
2024-07-25,26.9,20.6,2.3
2024-07-26,26.8,21.0,2.2
2024-07-27,27.4,20.8,0.6
2024-07-28,27.3,20.3,0.2
2024-07-29,28.4,20.6,3.7
2024-07-30,22.8,20.3,11.7
2024-07-31,26.3,20.1,10.6
2024-08-01,27.9,20.3,3.4
2024-08-02,26.8,20.3,4.3
2024-08-03,27.4,19.5,7.6
2024-08-04,28.2,19.8,2.0
2024-08-05,27.7,19.1,1.2
2024-08-06,25.4,20.1,8.6
2024-08-07,25.0,20.3,5.2
2024-08-08,27.1,19.5,16.1
2024-08-09,28.0,19.7,12.4
2024-08-10,26.6,20.3,19.2
2024-08-11,27.9,20.2,3.0
2024-08-12,28.9,20.3,2.4
2024-08-13,28.7,20.3,12.7
2024-08-14,28.5,20.3,1.5
2024-08-15,28.8,21.7,2.0
2024-08-16,28.7,20.5,13.3
2024-08-17,28.9,19.5,3.7
2024-08-18,29.0,19.2,0.1
2024-08-19,28.0,20.7,17.4
2024-08-20,28.7,19.9,19.7
2024-08-21,27.4,20.6,1.2
2024-08-22,27.4,19.6,0.4
2024-08-23,27.4,19.1,0.1
2024-08-24,27.3,19.6,3.8
2024-08-25,27.1,19.8,0.9
2024-08-26,28.2,19.4,1.2
2024-08-27,26.7,19.8,1.7
2024-08-28,26.7,19.7,1.4
2024-08-29,27.2,19.4,9.4
2024-08-30,25.9,19.8,3.9
2024-08-31,23.8,19.7,4.6
2024-09-01,27.0,20.2,5.3
2024-09-02,27.5,20.4,4.1
2024-09-03,27.7,20.0,1.4
2024-09-04,27.8,19.8,0.5
2024-09-05,27.8,19.9,0.5
2024-09-06,27.1,19.8,1.6
2024-09-07,27.6,19.7,11.9
2024-09-08,25.7,20.2,2.6
2024-09-09,28.4,20.2,6.0
2024-09-10,28.4,19.8,1.9
2024-09-11,28.8,19.5,0.7
2024-09-12,29.1,19.5,0.7
2024-09-13,28.5,18.5,0.0
2024-09-14,28.4,18.8,0.9
2024-09-15,28.5,18.4,0.6
2024-09-16,28.4,17.6,0.7
2024-09-17,28.3,18.6,0.4
2024-09-18,28.4,17.9,0.0
2024-09-19,28.9,17.4,0.6
2024-09-20,28.9,19.6,0.1
2024-09-21,29.3,19.1,0.1
2024-09-22,29.1,19.5,1.4
2024-09-23,29.4,20.1,5.3
2024-09-24,28.6,20.6,4.4
2024-09-25,28.8,20.4,2.5
2024-09-26,28.8,19.6,0.6
2024-09-27,28.8,19.4,1.5
2024-09-28,28.5,19.7,3.0
2024-09-29,28.5,20.3,5.5
2024-09-30,30.2,20.5,0.1
2024-10-01,30.6,19.8,0.4
2024-10-02,29.9,20.4,9.8
2024-10-03,28.4,20.0,4.2
2024-10-04,28.6,19.9,7.2
2024-10-05,26.9,20.1,11.3
2024-10-06,27.4,19.6,0.5
2024-10-07,28.9,19.2,0.9
2024-10-08,27.9,20.0,10.7
2024-10-09,28.1,20.3,5.2
2024-10-10,27.6,19.9,6.5
2024-10-11,27.9,19.9,4.9
2024-10-12,28.1,20.3,7.2
2024-10-13,27.9,20.4,1.8
2024-10-14,23.4,19.3,14.4
2024-10-15,23.2,19.8,31.5
2024-10-16,22.9,19.3,13.3
2024-10-17,27.0,19.8,0.8
2024-10-18,27.6,19.6,8.4
2024-10-19,24.7,18.9,8.5
2024-10-20,26.4,19.4,21.1
2024-10-21,26.8,19.7,17.8
2024-10-22,27.6,18.4,27.3
2024-10-23,27.6,19.2,20.1
2024-10-24,26.2,19.1,1.1
2024-10-25,27.0,17.4,0.0
2024-10-26,26.7,17.1,0.0
2024-10-27,26.7,15.5,0.0
2024-10-28,27.2,16.5,0.0
2024-10-29,27.7,17.5,0.4
2024-10-30,27.3,17.8,1.1
2024-10-31,27.8,18.4,4.0
2024-11-01,26.9,19.8,8.2
2024-11-02,27.7,18.8,1.2
2024-11-03,27.7,19.5,0.7
2024-11-04,27.1,19.6,1.0
2024-11-05,27.1,17.2,0.0
2024-11-06,27.8,16.3,0.1
2024-11-07,27.4,19.1,1.3
2024-11-08,29.0,18.3,0.0
2024-11-09,27.8,18.1,0.0
2024-11-10,27.0,17.5,0.4
2024-11-11,27.8,17.3,0.0
2024-11-12,27.0,19.0,0.9
2024-11-13,27.0,19.9,9.9
2024-11-14,25.7,19.9,6.0
2024-11-15,27.0,19.9,10.0
2024-11-16,26.3,19.6,3.4
2024-11-17,27.4,19.8,0.5
2024-11-18,26.9,19.0,0.1
2024-11-19,27.3,18.6,0.0
2024-11-20,28.1,17.6,0.0
2024-11-21,27.5,17.2,0.0
2024-11-22,27.9,16.4,0.0
2024-11-23,28.7,16.7,0.0
2024-11-24,29.2,17.3,0.0
2024-11-25,27.8,17.2,0.0
2024-11-26,26.2,18.1,0.0
2024-11-27,26.4,18.9,0.0
2024-11-28,26.9,17.6,0.0
2024-11-29,25.4,18.2,0.8
2024-11-30,23.6,19.1,0.3
2024-12-01,24.5,19.9,8.0
2024-12-02,23.3,20.4,35.0
2024-12-03,26.1,20.0,4.7
2024-12-04,25.9,18.8,0.0
2024-12-05,26.2,19.9,0.8
2024-12-06,26.7,19.5,0.0
2024-12-07,27.0,19.3,0.6
2024-12-08,26.8,18.5,0.0
2024-12-09,27.5,18.4,0.1
2024-12-10,27.9,18.6,0.0
2024-12-11,26.4,18.3,0.0
2024-12-12,22.0,19.0,21.2
2024-12-13,24.4,19.7,1.3
2024-12-14,26.1,17.6,0.0
2024-12-15,24.3,15.0,0.0
2024-12-16,24.9,15.1,0.0
2024-12-17,27.1,14.5,0.0
2024-12-18,25.9,17.1,0.3
2024-12-19,28.1,19.1,0.3
2024-12-20,27.9,18.8,0.1
2024-12-21,29.1,18.0,0.0
2024-12-22,28.1,17.9,0.0
2024-12-23,27.0,18.4,0.0
2024-12-24,27.2,17.6,0.0
2024-12-25,27.9,17.3,0.0
2024-12-26,26.2,18.5,3.6
2024-12-27,25.4,18.5,1.7
2024-12-28,26.2,17.5,0.0
2024-12-29,26.9,16.9,0.0
2024-12-30,25.7,16.7,0.0
2024-12-31,27.5,17.0,0.0
